[
  {
    "requirement_id": "REQ-001",
    "requirement": "System shall send an SMS to the customer during student registration, amendment, or de-registration.",
    "confidence_score": 0.95,
    "stories": [
      {
        "story_type": "User Story",
        "user_story": "As a system administrator, I want to configure the SMS gateway credentials, so that the system can send SMS messages.",
        "acceptance_criteria": [
          "Given the system is configured to send SMS, When the administrator inputs valid gateway credentials, Then the system saves the credentials and displays a success message.",
          "Given the system is configured to send SMS, When the administrator inputs invalid gateway credentials, Then the system displays an error message."
        ],
        "tshirt_size": "S",
        "questions_for_po": [
          "What specific SMS gateway(s) will be supported?",
          "What are the security considerations for storing gateway credentials?"
        ]
      },
      {
        "story_type": "User Story",
        "user_story": "As a registrar, I want the system to send an SMS notification to the student upon successful registration, so that the student receives confirmation.",
        "acceptance_criteria": [
          "Given a student completes registration successfully, When the registration is processed, Then an SMS confirmation is sent to the student's registered mobile number.",
          "Given a student's mobile number is invalid, When the registration is processed, Then an error is logged, and the system does not send SMS."
        ],
        "tshirt_size": "M",
        "questions_for_po": [
          "What is the content of the SMS confirmation message?",
          "How do we handle students who do not provide a mobile number?"
        ]
      },
      {
        "story_type": "User Story",
        "user_story": "As a student, I want to receive an SMS notification when my registration details are amended, so that I am aware of the changes.",
        "acceptance_criteria": [
          "Given my registration details are amended, When the amendment is saved, Then I receive an SMS notification detailing the changes.",
          "Given my mobile number is incorrect, When my details are updated, Then an appropriate error message is shown, and no SMS is sent."
        ],
        "tshirt_size": "M",
        "questions_for_po": [
          "What is the content of the amendment SMS notification?",
          "Should we send an SMS even for minor changes?"
        ]
      },
      {
        "story_type": "User Story",
        "user_story": "As a student, I want to receive an SMS notification upon successful de-registration, so that I have confirmation of the action.",
        "acceptance_criteria": [
          "Given I successfully de-register, When the de-registration is processed, Then an SMS confirmation of de-registration is sent to my registered mobile number.",
          "Given I attempt to de-register and fail due to outstanding fees, When the de-registration is attempted, Then I receive an SMS explaining the reason for failure."
        ],
        "tshirt_size": "M",
        "questions_for_po": [
          "What is the content of the de-registration SMS notification?",
          "What happens if the student's mobile number is outdated?"
        ]
      }
    ]
  }
]